season,sport,Team1,Team2,Round,Real,SeriesPrice
2017,nba,Boston Celtics,Chicago Bulls,Eastern Conf First Round,1,0.82
2017,nba,Cleveland Cavaliers,Indiana Pacers,Eastern Conf First Round,1,0.91
2017,nba,Toronto Raptors,Milwaukee Bucks,Eastern Conf First Round,1,0.77
2017,nba,Washington Wizards,Atlanta Hawks,Eastern Conf First Round,1,0.66
2017,nba,Golden State Warriors,Portland Trail Blazers,Western Conf First Round,1,0.98
2017,nba,San Antonio Spurs,Memphis Grizzlies,Western Conf First Round,1,0.9
2017,nba,Houston Rockets,Oklahoma City Thunder,Western Conf First Round,1,0.77
2017,nba,Los Angeles Clippers,Utah Jazz,Western Conf First Round,1,0.67
2017,nba,Cleveland Cavaliers,Toronto Raptors,Eastern Conf Semifinals,2,0.82
2017,nba,Boston Celtics,Washington Wizards,Eastern Conf Semifinals,2,0.76
2017,nba,Golden State Warriors,Utah Jazz,Western Conf Semifinals,2,0.91
2017,nba,San Antonio Spurs,Houston Rockets,Western Conf Semifinals,2,0.71
2017,nba,Golden State Warriors,San Antonio Spurs,Western Conf Finals,3,0.9
2017,nba,Cleveland Cavaliers,Boston Celtics,Eastern Conf Finals,3,0.82
2017,nba,Golden State Warriors,Cleveland Cavaliers,Finals,4,0.72
2016,nba,Cleveland Cavaliers,Detroit Pistons,Eastern Conf First Round,1,
2016,nba,Toronto Raptors,Indiana Pacers,Eastern Conf First Round,1,
2016,nba,Miami Heat,Charlotte Hornets,Eastern Conf First Round,1,
2016,nba,Atlanta Hawks,Boston Celtics,Eastern Conf First Round,1,
2016,nba,Golden State Warriors,Houston Rockets,Western Conf First Round,1,
2016,nba,San Antonio Spurs,Memphis Grizzlies,Western Conf First Round,1,
2016,nba,Oklahoma City Thunder,Dallas Mavericks,Western Conf First Round,1,
2016,nba,Portland Trail Blazers,Los Angeles Clippers,Western Conf First Round,1,
2016,nba,Cleveland Cavaliers,Atlanta Hawks,Eastern Conf Semifinals,2,
2016,nba,Toronto Raptors,Miami Heat,Eastern Conf Semifinals,2,
2016,nba,Golden State Warriors,Portland Trail Blazers,Western Conf Semifinals,2,
2016,nba,Oklahoma City Thunder,San Antonio Spurs,Western Conf Semifinals,2,
2016,nba,Cleveland Cavaliers,Toronto Raptors,Eastern Conf Finals,3,
2016,nba,Golden State Warriors,Oklahoma City Thunder,Western Conf Finals,3,
2016,nba,Cleveland Cavaliers,Golden State Warriors,Finals,4,
2015,nba,Atlanta Hawks,Brooklyn Nets,Eastern Conf First Round,1,
2015,nba,Cleveland Cavaliers,Boston Celtics,Eastern Conf First Round,1,
2015,nba,Chicago Bulls,Milwaukee Bucks,Eastern Conf First Round,1,
2015,nba,Washington Wizards,Toronto Raptors,Eastern Conf First Round,1,
2015,nba,Golden State Warriors,New Orleans Pelicans,Western Conf First Round,1,
2015,nba,Houston Rockets,Dallas Mavericks,Western Conf First Round,1,
2015,nba,Los Angeles Clippers,San Antonio Spurs,Western Conf First Round,1,
2015,nba,Memphis Grizzlies,Portland Trail Blazers,Western Conf First Round,1,
2015,nba,Cleveland Cavaliers,Chicago Bulls,Eastern Conf Semifinals,2,
2015,nba,Atlanta Hawks,Washington Wizards,Eastern Conf Semifinals,2,
2015,nba,Houston Rockets,Los Angeles Clippers,Western Conf Semifinals,2,
2015,nba,Golden State Warriors,Memphis Grizzlies,Western Conf Semifinals,2,
2015,nba,Cleveland Cavaliers,Atlanta Hawks,Eastern Conf Finals,3,
2015,nba,Golden State Warriors,Houston Rockets,Western Conf Finals,3,
2015,nba,Golden State Warriors,Cleveland Cavaliers,Finals,4,
2014,nba,Indiana Pacers,Atlanta Hawks,Eastern Conf First Round,1,
2014,nba,Miami Heat,Charlotte Hornets,Eastern Conf First Round,1,
2014,nba,Brooklyn Nets,Toronto Raptors,Eastern Conf First Round,1,
2014,nba,Washington Wizards,Chicago Bulls,Eastern Conf First Round,1,
2014,nba,San Antonio Spurs,Dallas Mavericks,Western Conf First Round,1,
2014,nba,Oklahoma City Thunder,Memphis Grizzlies,Western Conf First Round,1,
2014,nba,Los Angeles Clippers,Golden State Warriors,Western Conf First Round,1,
2014,nba,Portland Trail Blazers,Houston Rockets,Western Conf First Round,1,
2014,nba,Indiana Pacers,Washington Wizards,Eastern Conf Semifinals,2,
2014,nba,Miami Heat,Brooklyn Nets,Eastern Conf Semifinals,2,
2014,nba,San Antonio Spurs,Portland Trail Blazers,Western Conf Semifinals,2,
2014,nba,Oklahoma City Thunder,Los Angeles Clippers,Western Conf Semifinals,2,
2014,nba,Miami Heat,Indiana Pacers,Eastern Conf Finals,3,
2014,nba,San Antonio Spurs,Oklahoma City Thunder,Western Conf Finals,3,
2014,nba,San Antonio Spurs,Miami Heat,Finals,4,
2013,nba,Miami Heat,Milwaukee Bucks,Eastern Conf First Round,1,
2013,nba,New York Knicks,Boston Celtics,Eastern Conf First Round,1,
2013,nba,Indiana Pacers,Atlanta Hawks,Eastern Conf First Round,1,
2013,nba,Chicago Bulls,Brooklyn Nets,Eastern Conf First Round,1,
2013,nba,Oklahoma City Thunder,Houston Rockets,Western Conf First Round,1,
2013,nba,San Antonio Spurs,Los Angeles Lakers,Western Conf First Round,1,
2013,nba,Golden State Warriors,Denver Nuggets,Western Conf First Round,1,
2013,nba,Memphis Grizzlies,Los Angeles Clippers,Western Conf First Round,1,
2013,nba,Miami Heat,Chicago Bulls,Eastern Conf Semifinals,2,
2013,nba,Indiana Pacers,New York Knicks,Eastern Conf Semifinals,2,
2013,nba,Memphis Grizzlies,Oklahoma City Thunder,Western Conf Semifinals,2,
2013,nba,San Antonio Spurs,Golden State Warriors,Western Conf Semifinals,2,
2013,nba,Miami Heat,Indiana Pacers,Eastern Conf Finals,3,
2013,nba,San Antonio Spurs,Memphis Grizzlies,Western Conf Finals,3,
2013,nba,Miami Heat,San Antonio Spurs,Finals,4,
2012,nba,Philadelphia 76ers,Chicago Bulls,Eastern Conf First Round,1,
2012,nba,Miami Heat,New York Knicks,Eastern Conf First Round,1,
2012,nba,Indiana Pacers,Orlando Magic,Eastern Conf First Round,1,
2012,nba,Boston Celtics,Atlanta Hawks,Eastern Conf First Round,1,
2012,nba,San Antonio Spurs,Utah Jazz,Western Conf First Round,1,
2012,nba,Oklahoma City Thunder,Dallas Mavericks,Western Conf First Round,1,
2012,nba,Los Angeles Lakers,Denver Nuggets,Western Conf First Round,1,
2012,nba,Los Angeles Clippers,Memphis Grizzlies,Western Conf First Round,1,
2012,nba,Miami Heat,Indiana Pacers,Eastern Conf Semifinals,2,
2012,nba,Boston Celtics,Philadelphia 76ers,Eastern Conf Semifinals,2,
2012,nba,San Antonio Spurs,Los Angeles Clippers,Western Conf Semifinals,2,
2012,nba,Oklahoma City Thunder,Los Angeles Lakers,Western Conf Semifinals,2,
2012,nba,Oklahoma City Thunder,San Antonio Spurs,Western Conf Finals,3,
2012,nba,Miami Heat,Boston Celtics,Eastern Conf Finals,3,
2012,nba,Miami Heat,Oklahoma City Thunder,Finals,4,
2011,nba,Chicago Bulls,Indiana Pacers,Eastern Conf First Round,1,
2011,nba,Miami Heat,Philadelphia 76ers,Eastern Conf First Round,1,
2011,nba,Boston Celtics,New York Knicks,Eastern Conf First Round,1,
2011,nba,Atlanta Hawks,Orlando Magic,Eastern Conf First Round,1,
2011,nba,Memphis Grizzlies,San Antonio Spurs,Western Conf First Round,1,
2011,nba,Los Angeles Lakers,New Orleans Pelicans,Western Conf First Round,1,
2011,nba,Dallas Mavericks,Portland Trail Blazers,Western Conf First Round,1,
2011,nba,Oklahoma City Thunder,Denver Nuggets,Western Conf First Round,1,
2011,nba,Chicago Bulls,Atlanta Hawks,Eastern Conf Semifinals,2,
2011,nba,Miami Heat,Boston Celtics,Eastern Conf Semifinals,2,
2011,nba,Dallas Mavericks,Los Angeles Lakers,Western Conf Semifinals,2,
2011,nba,Oklahoma City Thunder,Memphis Grizzlies,Western Conf Semifinals,2,
2011,nba,Miami Heat,Chicago Bulls,Eastern Conf Finals,3,
2011,nba,Dallas Mavericks,Oklahoma City Thunder,Western Conf Finals,3,
2011,nba,Dallas Mavericks,Miami Heat,Finals,4,
2010,nba,Cleveland Cavaliers,Chicago Bulls,Eastern Conf First Round,1,
2010,nba,Orlando Magic,Charlotte Hornets,Eastern Conf First Round,1,
2010,nba,Atlanta Hawks,Milwaukee Bucks,Eastern Conf First Round,1,
2010,nba,Boston Celtics,Miami Heat,Eastern Conf First Round,1,
2010,nba,Los Angeles Lakers,Oklahoma City Thunder,Western Conf First Round,1,
2010,nba,San Antonio Spurs,Dallas Mavericks,Western Conf First Round,1,
2010,nba,Phoenix Suns,Portland Trail Blazers,Western Conf First Round,1,
2010,nba,Utah Jazz,Denver Nuggets,Western Conf First Round,1,
2010,nba,Boston Celtics,Cleveland Cavaliers,Eastern Conf Semifinals,2,
2010,nba,Orlando Magic,Atlanta Hawks,Eastern Conf Semifinals,2,
2010,nba,Los Angeles Lakers,Utah Jazz,Western Conf Semifinals,2,
2010,nba,Phoenix Suns,San Antonio Spurs,Western Conf Semifinals,2,
2010,nba,Los Angeles Lakers,Phoenix Suns,Western Conf Finals,3,
2010,nba,Boston Celtics,Orlando Magic,Eastern Conf Finals,3,
2010,nba,Los Angeles Lakers,Boston Celtics,Finals,4,
2009,nba,Cleveland Cavaliers,Detroit Pistons,Eastern Conf First Round,1,
2009,nba,Boston Celtics,Chicago Bulls,Eastern Conf First Round,1,
2009,nba,Orlando Magic,Philadelphia 76ers,Eastern Conf First Round,1,
2009,nba,Atlanta Hawks,Miami Heat,Eastern Conf First Round,1,
2009,nba,Los Angeles Lakers,Utah Jazz,Western Conf First Round,1,
2009,nba,Denver Nuggets,New Orleans Pelicans,Western Conf First Round,1,
2009,nba,Dallas Mavericks,San Antonio Spurs,Western Conf First Round,1,
2009,nba,Houston Rockets,Portland Trail Blazers,Western Conf First Round,1,
2009,nba,Los Angeles Lakers,Houston Rockets,Western Conf Semifinals,2,
2009,nba,Denver Nuggets,Dallas Mavericks,Western Conf Semifinals,2,
2009,nba,Cleveland Cavaliers,Atlanta Hawks,Eastern Conf Semifinals,2,
2009,nba,Orlando Magic,Boston Celtics,Eastern Conf Semifinals,2,
2009,nba,Orlando Magic,Cleveland Cavaliers,Eastern Conf Finals,3,
2009,nba,Los Angeles Lakers,Denver Nuggets,Western Conf Finals,3,
2009,nba,Los Angeles Lakers,Orlando Magic,Finals,4,
2008,nba,Boston Celtics,Atlanta Hawks,Eastern Conf First Round,1,
2008,nba,Detroit Pistons,Philadelphia 76ers,Eastern Conf First Round,1,
2008,nba,Orlando Magic,Toronto Raptors,Eastern Conf First Round,1,
2008,nba,Cleveland Cavaliers,Washington Wizards,Eastern Conf First Round,1,
2008,nba,Los Angeles Lakers,Denver Nuggets,Western Conf First Round,1,
2008,nba,New Orleans Pelicans,Dallas Mavericks,Western Conf First Round,1,
2008,nba,San Antonio Spurs,Phoenix Suns,Western Conf First Round,1,
2008,nba,Utah Jazz,Houston Rockets,Western Conf First Round,1,
2008,nba,Boston Celtics,Cleveland Cavaliers,Eastern Conf Semifinals,2,
2008,nba,Detroit Pistons,Orlando Magic,Eastern Conf Semifinals,2,
2008,nba,Los Angeles Lakers,Utah Jazz,Western Conf Semifinals,2,
2008,nba,San Antonio Spurs,New Orleans Pelicans,Western Conf Semifinals,2,
2008,nba,Boston Celtics,Detroit Pistons,Eastern Conf Finals,3,
2008,nba,Los Angeles Lakers,San Antonio Spurs,Western Conf Finals,3,
2008,nba,Boston Celtics,Los Angeles Lakers,Finals,4,
2007,nba,Chicago Bulls,Miami Heat,Eastern Conf First Round,1,
2007,nba,Cleveland Cavaliers,Washington Wizards,Eastern Conf First Round,1,
2007,nba,Detroit Pistons,Orlando Magic,Eastern Conf First Round,1,
2007,nba,Brooklyn Nets,Toronto Raptors,Eastern Conf First Round,1,
2007,nba,Golden State Warriors,Dallas Mavericks,Western Conf First Round,1,
2007,nba,Phoenix Suns,Los Angeles Lakers,Western Conf First Round,1,
2007,nba,San Antonio Spurs,Denver Nuggets,Western Conf First Round,1,
2007,nba,Utah Jazz,Houston Rockets,Western Conf First Round,1,
2007,nba,Cleveland Cavaliers,Brooklyn Nets,Eastern Conf Semifinals,2,
2007,nba,Detroit Pistons,Chicago Bulls,Eastern Conf Semifinals,2,
2007,nba,San Antonio Spurs,Phoenix Suns,Western Conf Semifinals,2,
2007,nba,Utah Jazz,Golden State Warriors,Western Conf Semifinals,2,
2007,nba,Cleveland Cavaliers,Detroit Pistons,Eastern Conf Finals,3,
2007,nba,San Antonio Spurs,Utah Jazz,Western Conf Finals,3,
2007,nba,San Antonio Spurs,Cleveland Cavaliers,Finals,4,
2006,nba,Cleveland Cavaliers,Washington Wizards,Eastern Conf First Round,1,
2006,nba,Detroit Pistons,Milwaukee Bucks,Eastern Conf First Round,1,
2006,nba,Miami Heat,Chicago Bulls,Eastern Conf First Round,1,
2006,nba,Brooklyn Nets,Indiana Pacers,Eastern Conf First Round,1,
2006,nba,Dallas Mavericks,Memphis Grizzlies,Western Conf First Round,1,
2006,nba,Los Angeles Clippers,Denver Nuggets,Western Conf First Round,1,
2006,nba,Phoenix Suns,Los Angeles Lakers,Western Conf First Round,1,
2006,nba,San Antonio Spurs,Sacramento Kings,Western Conf First Round,1,
2006,nba,Detroit Pistons,Cleveland Cavaliers,Eastern Conf Semifinals,2,
2006,nba,Miami Heat,Brooklyn Nets,Eastern Conf Semifinals,2,
2006,nba,Dallas Mavericks,San Antonio Spurs,Western Conf Semifinals,2,
2006,nba,Phoenix Suns,Los Angeles Clippers,Western Conf Semifinals,2,
2006,nba,Miami Heat,Detroit Pistons,Eastern Conf Finals,3,
2006,nba,Dallas Mavericks,Phoenix Suns,Western Conf Finals,3,
2006,nba,Miami Heat,Dallas Mavericks,Finals,4,
2017,nhl,Pittsburgh Penguins,Nashville Predators,Conference Finals,4,0.6
2017,nhl,Anaheim Ducks,Nashville Predators,Conference Finals,3,0.53
2017,nhl,Pittsburgh Penguins,Ottawa Senators,Conference Finals,3,0.72
2017,nhl,St. Louis Blues,Nashville Predators,Second Round,2,0.54
2017,nhl,Anaheim Ducks,Edmonton Oilers,Second Round,2,0.53
2017,nhl,New York Rangers,Ottawa Senators,Second Round,2,0.58
2017,nhl,Washington Capitals,Pittsburgh Penguins,Second Round,2,0.57
2017,nhl,Pittsburgh Penguins,Columbus Blue Jackets,First Round,1,0.6
2017,nhl,Washington Capitals,Toronto Maple Leafs,First Round,1,0.77
2017,nhl,Boston Bruins,Ottawa Senators,First Round,1,0.66
2017,nhl,Montreal Canadiens,New York Rangers,First Round,1,0.56
2017,nhl,Edmonton Oilers,San Jose Sharks,First Round,1,0.56
2017,nhl,Anaheim Ducks,Calgary Flames,First Round,1,0.6
2017,nhl,Minnesota Wild,St. Louis Blues,First Round,1,0.64
2017,nhl,Chicago Blackhawks,Nashville Predators,First Round,1,0.61
2016,nhl,Pittsburgh Penguins,San Jose Sharks,Stanley Cup Final,4,
2016,nhl,San Jose Sharks,St. Louis Blues,Conference Finals,3,
2016,nhl,Pittsburgh Penguins,Tampa Bay Lightning,Conference Finals,3,
2016,nhl,San Jose Sharks,Nashville Predators,Second Round,2,
2016,nhl,St. Louis Blues,Dallas Stars,Second Round,2,
2016,nhl,Pittsburgh Penguins,Washington Capitals,Second Round,2,
2016,nhl,Tampa Bay Lightning,New York Islanders,Second Round,2,
2016,nhl,Washington Capitals,Philadelphia Flyers,First Round,1,
2016,nhl,Pittsburgh Penguins,New York Rangers,First Round,1,
2016,nhl,Tampa Bay Lightning,Detroit Red Wings,First Round,1,
2016,nhl,New York Islanders,Florida Panthers,First Round,1,
2016,nhl,Nashville Predators,Anaheim Ducks,First Round,1,
2016,nhl,San Jose Sharks,Los Angeles Kings,First Round,1,
2016,nhl,Dallas Stars,Minnesota Wild,First Round,1,
2016,nhl,St. Louis Blues,Chicago Blackhawks,First Round,1,
2015,nhl,Chicago Blackhawks,Tampa Bay Lightning,Stanley Cup Final,4,
2015,nhl,Tampa Bay Lightning,New York Rangers,Conference Finals,3,
2015,nhl,Chicago Blackhawks,Anaheim Ducks,Conference Finals,3,
2015,nhl,Tampa Bay Lightning,Montreal Canadiens,Second Round,2,
2015,nhl,New York Rangers,Washington Capitals,Second Round,2,
2015,nhl,Anaheim Ducks,Calgary Flames,Second Round,2,
2015,nhl,Chicago Blackhawks,Minnesota Wild,Second Round,2,
2015,nhl,Washington Capitals,New York Islanders,First Round,1,
2015,nhl,New York Rangers,Pittsburgh Penguins,First Round,1,
2015,nhl,Tampa Bay Lightning,Detroit Red Wings,First Round,1,
2015,nhl,Montreal Canadiens,Ottawa Senators,First Round,1,
2015,nhl,Calgary Flames,Vancouver Canucks,First Round,1,
2015,nhl,Anaheim Ducks,Winnipeg Jets,First Round,1,
2015,nhl,Chicago Blackhawks,Nashville Predators,First Round,1,
2015,nhl,Minnesota Wild,St. Louis Blues,First Round,1,
2014,nhl,Los Angeles Kings,New York Rangers,Stanley Cup Final,4,
2014,nhl,New York Rangers,Montreal Canadiens,Conference Finals,3,
2014,nhl,Los Angeles Kings,Chicago Blackhawks,Conference Finals,3,
2014,nhl,Los Angeles Kings,Anaheim Ducks,Second Round,2,
2014,nhl,Chicago Blackhawks,Minnesota Wild,Second Round,2,
2014,nhl,New York Rangers,Pittsburgh Penguins,Second Round,2,
2014,nhl,Montreal Canadiens,Boston Bruins,Second Round,2,
2014,nhl,New York Rangers,Philadelphia Flyers,First Round,1,
2014,nhl,Pittsburgh Penguins,Columbus Blue Jackets,First Round,1,
2014,nhl,Montreal Canadiens,Tampa Bay Lightning,First Round,1,
2014,nhl,Boston Bruins,Detroit Red Wings,First Round,1,
2014,nhl,Los Angeles Kings,San Jose Sharks,First Round,1,
2014,nhl,Anaheim Ducks,Dallas Stars,First Round,1,
2014,nhl,Chicago Blackhawks,St. Louis Blues,First Round,1,
2014,nhl,Minnesota Wild,Colorado Avalanche,First Round,1,
2013,nhl,Chicago Blackhawks,Boston Bruins,Stanley Cup Final,4,
2013,nhl,Chicago Blackhawks,Los Angeles Kings,Conference Finals,3,
2013,nhl,Boston Bruins,Pittsburgh Penguins,Conference Finals,3,
2013,nhl,Pittsburgh Penguins,Ottawa Senators,Conference Semi-Finals,2,
2013,nhl,Boston Bruins,New York Rangers,Conference Semi-Finals,2,
2013,nhl,Chicago Blackhawks,Detroit Red Wings,Conference Semi-Finals,2,
2013,nhl,Los Angeles Kings,San Jose Sharks,Conference Semi-Finals,2,
2013,nhl,Los Angeles Kings,St. Louis Blues,Conference Quarter-Finals,1,
2013,nhl,San Jose Sharks,Vancouver Canucks,Conference Quarter-Finals,1,
2013,nhl,Detroit Red Wings,Anaheim Ducks,Conference Quarter-Finals,1,
2013,nhl,Chicago Blackhawks,Minnesota Wild,Conference Quarter-Finals,1,
2013,nhl,Boston Bruins,Toronto Maple Leafs,Conference Quarter-Finals,1,
2013,nhl,New York Rangers,Washington Capitals,Conference Quarter-Finals,1,
2013,nhl,Ottawa Senators,Montreal Canadiens,Conference Quarter-Finals,1,
2013,nhl,Pittsburgh Penguins,New York Islanders,Conference Quarter-Finals,1,
2012,nhl,Los Angeles Kings,New Jersey Devils,Stanley Cup Final,4,
2012,nhl,Los Angeles Kings,Arizona Coyotes,Conference Finals,3,
2012,nhl,New Jersey Devils,New York Rangers,Conference Finals,3,
2012,nhl,Arizona Coyotes,Nashville Predators,Conference Semi-Finals,2,
2012,nhl,Los Angeles Kings,St. Louis Blues,Conference Semi-Finals,2,
2012,nhl,New Jersey Devils,Philadelphia Flyers,Conference Semi-Finals,2,
2012,nhl,New York Rangers,Washington Capitals,Conference Semi-Finals,2,
2012,nhl,Nashville Predators,Detroit Red Wings,Conference Quarter-Finals,1,
2012,nhl,Arizona Coyotes,Chicago Blackhawks,Conference Quarter-Finals,1,
2012,nhl,St. Louis Blues,San Jose Sharks,Conference Quarter-Finals,1,
2012,nhl,Los Angeles Kings,Vancouver Canucks,Conference Quarter-Finals,1,
2012,nhl,Philadelphia Flyers,Pittsburgh Penguins,Conference Quarter-Finals,1,
2012,nhl,New Jersey Devils,Florida Panthers,Conference Quarter-Finals,1,
2012,nhl,Washington Capitals,Boston Bruins,Conference Quarter-Finals,1,
2012,nhl,New York Rangers,Ottawa Senators,Conference Quarter-Finals,1,
2011,nhl,Boston Bruins,Vancouver Canucks,Stanley Cup Final,4,
2011,nhl,Vancouver Canucks,San Jose Sharks,Conference Finals,3,
2011,nhl,Boston Bruins,Tampa Bay Lightning,Conference Finals,3,
2011,nhl,San Jose Sharks,Detroit Red Wings,Conference Semi-Finals,2,
2011,nhl,Vancouver Canucks,Nashville Predators,Conference Semi-Finals,2,
2011,nhl,Boston Bruins,Philadelphia Flyers,Conference Semi-Finals,2,
2011,nhl,Tampa Bay Lightning,Washington Capitals,Conference Semi-Finals,2,
2011,nhl,Nashville Predators,Anaheim Ducks,Conference Quarter-Finals,1,
2011,nhl,Detroit Red Wings,Arizona Coyotes,Conference Quarter-Finals,1,
2011,nhl,San Jose Sharks,Los Angeles Kings,Conference Quarter-Finals,1,
2011,nhl,Vancouver Canucks,Chicago Blackhawks,Conference Quarter-Finals,1,
2011,nhl,Tampa Bay Lightning,Pittsburgh Penguins,Conference Quarter-Finals,1,
2011,nhl,Boston Bruins,Montreal Canadiens,Conference Quarter-Finals,1,
2011,nhl,Philadelphia Flyers,Buffalo Sabres,Conference Quarter-Finals,1,
2011,nhl,Washington Capitals,New York Rangers,Conference Quarter-Finals,1,
2010,nhl,Chicago Blackhawks,Philadelphia Flyers,Stanley Cup Final,4,
2010,nhl,Chicago Blackhawks,San Jose Sharks,Conference Finals,3,
2010,nhl,Philadelphia Flyers,Montreal Canadiens,Conference Finals,3,
2010,nhl,Chicago Blackhawks,Vancouver Canucks,Conference Semi-Finals,2,
2010,nhl,San Jose Sharks,Detroit Red Wings,Conference Semi-Finals,2,
2010,nhl,Philadelphia Flyers,Boston Bruins,Conference Semi-Finals,2,
2010,nhl,Montreal Canadiens,Pittsburgh Penguins,Conference Semi-Finals,2,
2010,nhl,Detroit Red Wings,Arizona Coyotes,Conference Quarter-Finals,1,
2010,nhl,Vancouver Canucks,Los Angeles Kings,Conference Quarter-Finals,1,
2010,nhl,Chicago Blackhawks,Nashville Predators,Conference Quarter-Finals,1,
2010,nhl,San Jose Sharks,Colorado Avalanche,Conference Quarter-Finals,1,
2010,nhl,Pittsburgh Penguins,Ottawa Senators,Conference Quarter-Finals,1,
2010,nhl,Boston Bruins,Buffalo Sabres,Conference Quarter-Finals,1,
2010,nhl,Philadelphia Flyers,New Jersey Devils,Conference Quarter-Finals,1,
2010,nhl,Montreal Canadiens,Washington Capitals,Conference Quarter-Finals,1,
2009,nhl,Pittsburgh Penguins,Detroit Red Wings,Stanley Cup Final,4,
2009,nhl,Detroit Red Wings,Chicago Blackhawks,Conference Finals,3,
2009,nhl,Pittsburgh Penguins,Carolina Hurricanes,Conference Finals,3,
2009,nhl,Chicago Blackhawks,Vancouver Canucks,Conference Semi-Finals,2,
2009,nhl,Detroit Red Wings,Anaheim Ducks,Conference Semi-Finals,2,
2009,nhl,Pittsburgh Penguins,Washington Capitals,Conference Semi-Finals,2,
2009,nhl,Carolina Hurricanes,Boston Bruins,Conference Semi-Finals,2,
2009,nhl,Chicago Blackhawks,Calgary Flames,Conference Quarter-Finals,1,
2009,nhl,Vancouver Canucks,St. Louis Blues,Conference Quarter-Finals,1,
2009,nhl,Detroit Red Wings,Columbus Blue Jackets,Conference Quarter-Finals,1,
2009,nhl,Anaheim Ducks,San Jose Sharks,Conference Quarter-Finals,1,
2009,nhl,Pittsburgh Penguins,Philadelphia Flyers,Conference Quarter-Finals,1,
2009,nhl,Carolina Hurricanes,New Jersey Devils,Conference Quarter-Finals,1,
2009,nhl,Washington Capitals,New York Rangers,Conference Quarter-Finals,1,
2009,nhl,Boston Bruins,Montreal Canadiens,Conference Quarter-Finals,1,
2008,nhl,Detroit Red Wings,Pittsburgh Penguins,Stanley Cup Final,4,
2008,nhl,Detroit Red Wings,Dallas Stars,Conference Finals,3,
2008,nhl,Pittsburgh Penguins,Philadelphia Flyers,Conference Finals,3,
2008,nhl,Dallas Stars,San Jose Sharks,Conference Semi-Finals,2,
2008,nhl,Detroit Red Wings,Colorado Avalanche,Conference Semi-Finals,2,
2008,nhl,Pittsburgh Penguins,New York Rangers,Conference Semi-Finals,2,
2008,nhl,Philadelphia Flyers,Montreal Canadiens,Conference Semi-Finals,2,
2008,nhl,Dallas Stars,Anaheim Ducks,Conference Quarter-Finals,1,
2008,nhl,Colorado Avalanche,Minnesota Wild,Conference Quarter-Finals,1,
2008,nhl,San Jose Sharks,Calgary Flames,Conference Quarter-Finals,1,
2008,nhl,Detroit Red Wings,Nashville Predators,Conference Quarter-Finals,1,
2008,nhl,New York Rangers,New Jersey Devils,Conference Quarter-Finals,1,
2008,nhl,Philadelphia Flyers,Washington Capitals,Conference Quarter-Finals,1,
2008,nhl,Pittsburgh Penguins,Ottawa Senators,Conference Quarter-Finals,1,
2008,nhl,Montreal Canadiens,Boston Bruins,Conference Quarter-Finals,1,
2007,nhl,Anaheim Ducks,Ottawa Senators,Stanley Cup Final,4,
2007,nhl,Anaheim Ducks,Detroit Red Wings,Conference Finals,3,
2007,nhl,Ottawa Senators,Buffalo Sabres,Conference Finals,3,
2007,nhl,Anaheim Ducks,Vancouver Canucks,Conference Semi-Finals,2,
2007,nhl,Detroit Red Wings,San Jose Sharks,Conference Semi-Finals,2,
2007,nhl,Ottawa Senators,New Jersey Devils,Conference Semi-Finals,2,
2007,nhl,Buffalo Sabres,New York Rangers,Conference Semi-Finals,2,
2007,nhl,San Jose Sharks,Nashville Predators,Conference Quarter-Finals,1,
2007,nhl,Vancouver Canucks,Dallas Stars,Conference Quarter-Finals,1,
2007,nhl,Anaheim Ducks,Minnesota Wild,Conference Quarter-Finals,1,
2007,nhl,Detroit Red Wings,Calgary Flames,Conference Quarter-Finals,1,
2007,nhl,Ottawa Senators,Pittsburgh Penguins,Conference Quarter-Finals,1,
2007,nhl,New York Rangers,Winnipeg Jets,Conference Quarter-Finals,1,
2007,nhl,New Jersey Devils,Tampa Bay Lightning,Conference Quarter-Finals,1,
2007,nhl,Buffalo Sabres,New York Islanders,Conference Quarter-Finals,1,
2006,nhl,Carolina Hurricanes,Edmonton Oilers,Stanley Cup Final,4,
2006,nhl,Edmonton Oilers,Anaheim Ducks,Conference Finals,3,
2006,nhl,Carolina Hurricanes,Buffalo Sabres,Conference Finals,3,
2006,nhl,Anaheim Ducks,Colorado Avalanche,Conference Semi-Finals,2,
2006,nhl,Edmonton Oilers,San Jose Sharks,Conference Semi-Finals,2,
2006,nhl,Carolina Hurricanes,New Jersey Devils,Conference Semi-Finals,2,
2006,nhl,Buffalo Sabres,Ottawa Senators,Conference Semi-Finals,2,
2006,nhl,San Jose Sharks,Nashville Predators,Conference Quarter-Finals,1,
2006,nhl,Anaheim Ducks,Calgary Flames,Conference Quarter-Finals,1,
2006,nhl,Colorado Avalanche,Dallas Stars,Conference Quarter-Finals,1,
2006,nhl,Edmonton Oilers,Detroit Red Wings,Conference Quarter-Finals,1,
2006,nhl,Buffalo Sabres,Philadelphia Flyers,Conference Quarter-Finals,1,
2006,nhl,New Jersey Devils,New York Rangers,Conference Quarter-Finals,1,
2006,nhl,Carolina Hurricanes,Montreal Canadiens,Conference Quarter-Finals,1,
2006,nhl,Ottawa Senators,Tampa Bay Lightning,Conference Quarter-Finals,1,
2006,nfl,Pittsburgh Steelers,Denver Broncos,Conference,3,
2006,nfl,Seattle Seahawks,Carolina Panthers,Conference,3,
2006,nfl,Denver Broncos,New England Patriots,Division,2,
2006,nfl,Pittsburgh Steelers,Indianapolis Colts,Division,2,
2006,nfl,Seattle Seahawks,Washington Redskins,Division,2,
2006,nfl,Carolina Panthers,Chicago Bears,Division,2,
2006,nfl,Pittsburgh Steelers,Seattle Seahawks,Superbowl,4,
2006,nfl,New England Patriots,Jacksonville Jaguars,Wildcard,1,
2006,nfl,Pittsburgh Steelers,Cincinnati Bengals,Wildcard,1,
2006,nfl,Washington Redskins,Tampa Bay Buccaneers,Wildcard,1,
2006,nfl,Carolina Panthers,New York Giants,Wildcard,1,
2007,nfl,Indianapolis Colts,New England Patriots,Conference,3,
2007,nfl,Chicago Bears,New Orleans Saints,Conference,3,
2007,nfl,Indianapolis Colts,Baltimore Ravens,Division,2,
2007,nfl,New England Patriots,San Diego Chargers,Division,2,
2007,nfl,New Orleans Saints,Philadelphia Eagles,Division,2,
2007,nfl,Chicago Bears,Seattle Seahawks,Division,2,
2007,nfl,Indianapolis Colts,Chicago Bears,Superbowl,4,
2007,nfl,Indianapolis Colts,Kansas City Chiefs,Wildcard,1,
2007,nfl,New England Patriots,New York Jets,Wildcard,1,
2007,nfl,Seattle Seahawks,Dallas Cowboys,Wildcard,1,
2007,nfl,Philadelphia Eagles,New York Giants,Wildcard,1,
2008,nfl,New England Patriots,San Diego Chargers,Conference,3,
2008,nfl,New York Giants,Green Bay Packers,Conference,3,
2008,nfl,New England Patriots,Jacksonville Jaguars,Division,2,
2008,nfl,San Diego Chargers,Indianapolis Colts,Division,2,
2008,nfl,New York Giants,Dallas Cowboys,Division,2,
2008,nfl,Green Bay Packers,Seattle Seahawks,Division,2,
2008,nfl,New York Giants,New England Patriots,Superbowl,4,
2008,nfl,San Diego Chargers,Tennessee Titans,Wildcard,1,
2008,nfl,Jacksonville Jaguars,Pittsburgh Steelers,Wildcard,1,
2008,nfl,Seattle Seahawks,Washington Redskins,Wildcard,1,
2008,nfl,New York Giants,Tampa Bay Buccaneers,Wildcard,1,
2009,nfl,Pittsburgh Steelers,Baltimore Ravens,Conference,3,
2009,nfl,Arizona Cardinals,Philadelphia Eagles,Conference,3,
2009,nfl,Baltimore Ravens,Tennessee Titans,Division,2,
2009,nfl,Pittsburgh Steelers,San Diego Chargers,Division,2,
2009,nfl,Arizona Cardinals,Carolina Panthers,Division,2,
2009,nfl,Philadelphia Eagles,New York Giants,Division,2,
2009,nfl,Pittsburgh Steelers,Arizona Cardinals,Superbowl,4,
2009,nfl,San Diego Chargers,Indianapolis Colts,Wildcard,1,
2009,nfl,Baltimore Ravens,Miami Dolphins,Wildcard,1,
2009,nfl,Arizona Cardinals,Atlanta Falcons,Wildcard,1,
2009,nfl,Philadelphia Eagles,Minnesota Vikings,Wildcard,1,
2010,nfl,Indianapolis Colts,New York Jets,Conference,3,
2010,nfl,New Orleans Saints,Minnesota Vikings,Conference,3,
2010,nfl,Indianapolis Colts,Baltimore Ravens,Division,2,
2010,nfl,New York Jets,San Diego Chargers,Division,2,
2010,nfl,New Orleans Saints,Arizona Cardinals,Division,2,
2010,nfl,Minnesota Vikings,Dallas Cowboys,Division,2,
2010,nfl,New Orleans Saints,Indianapolis Colts,Superbowl,4,
2010,nfl,New York Jets,Cincinnati Bengals,Wildcard,1,
2010,nfl,Baltimore Ravens,New England Patriots,Wildcard,1,
2010,nfl,Dallas Cowboys,Philadelphia Eagles,Wildcard,1,
2010,nfl,Arizona Cardinals,Green Bay Packers,Wildcard,1,
2011,nfl,Pittsburgh Steelers,New York Jets,Conference,3,
2011,nfl,Green Bay Packers,Chicago Bears,Conference,3,
2011,nfl,Pittsburgh Steelers,Baltimore Ravens,Division,2,
2011,nfl,New York Jets,New England Patriots,Division,2,
2011,nfl,Green Bay Packers,Atlanta Falcons,Division,2,
2011,nfl,Chicago Bears,Seattle Seahawks,Division,2,
2011,nfl,Green Bay Packers,Pittsburgh Steelers,Superbowl,4,
2011,nfl,New York Jets,Indianapolis Colts,Wildcard,1,
2011,nfl,Baltimore Ravens,Kansas City Chiefs,Wildcard,1,
2011,nfl,Seattle Seahawks,New Orleans Saints,Wildcard,1,
2011,nfl,Green Bay Packers,Philadelphia Eagles,Wildcard,1,
2012,nfl,New England Patriots,Baltimore Ravens,Conference,3,
2012,nfl,New York Giants,San Francisco 49ers,Conference,3,
2012,nfl,Baltimore Ravens,Houston Texans,Division,2,
2012,nfl,New England Patriots,Denver Broncos,Division,2,
2012,nfl,San Francisco 49ers,New Orleans Saints,Division,2,
2012,nfl,New York Giants,Green Bay Packers,Division,2,
2012,nfl,New York Giants,New England Patriots,Superbowl,4,
2012,nfl,Houston Texans,Cincinnati Bengals,Wildcard,1,
2012,nfl,Denver Broncos,Pittsburgh Steelers,Wildcard,1,
2012,nfl,New Orleans Saints,Detroit Lions,Wildcard,1,
2012,nfl,New York Giants,Atlanta Falcons,Wildcard,1,
2013,nfl,Baltimore Ravens,New England Patriots,Conference,3,
2013,nfl,San Francisco 49ers,Atlanta Falcons,Conference,3,
2013,nfl,Baltimore Ravens,Denver Broncos,Division,2,
2013,nfl,New England Patriots,Houston Texans,Division,2,
2013,nfl,San Francisco 49ers,Green Bay Packers,Division,2,
2013,nfl,Atlanta Falcons,Seattle Seahawks,Division,2,
2013,nfl,Baltimore Ravens,San Francisco 49ers,Superbowl,4,
2013,nfl,Houston Texans,Cincinnati Bengals,Wildcard,1,
2013,nfl,Baltimore Ravens,Indianapolis Colts,Wildcard,1,
2013,nfl,Green Bay Packers,Minnesota Vikings,Wildcard,1,
2013,nfl,Seattle Seahawks,Washington Redskins,Wildcard,1,
2014,nfl,Denver Broncos,New England Patriots,Conference,3,
2014,nfl,Seattle Seahawks,San Francisco 49ers,Conference,3,
2014,nfl,Denver Broncos,San Diego Chargers,Division,2,
2014,nfl,New England Patriots,Indianapolis Colts,Division,2,
2014,nfl,Seattle Seahawks,New Orleans Saints,Division,2,
2014,nfl,San Francisco 49ers,Carolina Panthers,Division,2,
2014,nfl,Seattle Seahawks,Denver Broncos,Superbowl,4,
2014,nfl,Indianapolis Colts,Kansas City Chiefs,Wildcard,1,
2014,nfl,San Diego Chargers,Cincinnati Bengals,Wildcard,1,
2014,nfl,New Orleans Saints,Philadelphia Eagles,Wildcard,1,
2014,nfl,San Francisco 49ers,Green Bay Packers,Wildcard,1,
2015,nfl,New England Patriots,Indianapolis Colts,Conference,3,
2015,nfl,Seattle Seahawks,Green Bay Packers,Conference,3,
2015,nfl,New England Patriots,Baltimore Ravens,Division,2,
2015,nfl,Indianapolis Colts,Denver Broncos,Division,2,
2015,nfl,Seattle Seahawks,Carolina Panthers,Division,2,
2015,nfl,Green Bay Packers,Dallas Cowboys,Division,2,
2015,nfl,New England Patriots,Seattle Seahawks,Superbowl,4,
2015,nfl,Baltimore Ravens,Pittsburgh Steelers,Wildcard,1,
2015,nfl,Indianapolis Colts,Cincinnati Bengals,Wildcard,1,
2015,nfl,Carolina Panthers,Arizona Cardinals,Wildcard,1,
2015,nfl,Dallas Cowboys,Detroit Lions,Wildcard,1,
2016,nfl,Denver Broncos,New England Patriots,Conference,3,
2016,nfl,Carolina Panthers,Arizona Cardinals,Conference,3,
2016,nfl,New England Patriots,Kansas City Chiefs,Division,2,
2016,nfl,Denver Broncos,Pittsburgh Steelers,Division,2,
2016,nfl,Arizona Cardinals,Green Bay Packers,Division,2,
2016,nfl,Carolina Panthers,Seattle Seahawks,Division,2,
2016,nfl,Denver Broncos,Carolina Panthers,Superbowl,4,
2016,nfl,Kansas City Chiefs,Houston Texans,Wildcard,1,
2016,nfl,Pittsburgh Steelers,Cincinnati Bengals,Wildcard,1,
2016,nfl,Seattle Seahawks,Minnesota Vikings,Wildcard,1,
2016,nfl,Green Bay Packers,Washington Redskins,Wildcard,1,
2017,nfl,New England Patriots,Pittsburgh Steelers,Conference,3,0.72
2017,nfl,Atlanta Falcons,Green Bay Packers,Conference,3,0.69
2017,nfl,New England Patriots,Houston Texans,Division,2,0.92
2017,nfl,Pittsburgh Steelers,Kansas City Chiefs,Division,2,0.69
2017,nfl,Atlanta Falcons,Seattle Seahawks,Division,2,0.67
2017,nfl,Green Bay Packers,Dallas Cowboys,Division,2,0.65
2017,nfl,New England Patriots,Atlanta Falcons,Superbowl,4,0.59
2017,nfl,Houston Texans,Oakland Raiders,Wildcard,1,0.67
2017,nfl,Pittsburgh Steelers,Miami Dolphins,Wildcard,1,0.78
2017,nfl,Seattle Seahawks,Detroit Lions,Wildcard,1,0.79
2017,nfl,Green Bay Packers,New York Giants,Wildcard,1,0.71
2016,mlb,Chicago Cubs,Cleveland Indians,World,4,
2016,mlb,Cleveland Indians,Toronto Blue Jays,ALCS,3,
2016,mlb,Chicago Cubs,Los Angeles Dodgers,NLCS,3,
2016,mlb,Toronto Blue Jays,Texas Rangers,ALDS,2,
2016,mlb,Cleveland Indians,Boston Red Sox,ALDS,2,
2016,mlb,Chicago Cubs,San Francisco Giants,NLDS,2,
2016,mlb,Los Angeles Dodgers,Washington Nationals,NLDS,2,
2016,mlb,Toronto Blue Jays,Baltimore Orioles,ALWC,1,
2016,mlb,San Francisco Giants,New York Mets,NLWC,1,
2015,mlb,Kansas City Royals,New York Mets,World,4,
2015,mlb,Kansas City Royals,Toronto Blue Jays,ALCS,3,
2015,mlb,New York Mets,Chicago Cubs,NLCS,3,
2015,mlb,Kansas City Royals,Houston Astros,ALDS,2,
2015,mlb,Toronto Blue Jays,Texas Rangers,ALDS,2,
2015,mlb,Chicago Cubs,St Louis Cardinals,NLDS,2,
2015,mlb,New York Mets,Los Angeles Dodgers,NLDS,2,
2015,mlb,Houston Astros,New York Yankees,ALWC,1,
2015,mlb,Chicago Cubs,Pittsburgh Pirates,NLWC,1,
2014,mlb,San Francisco Giants,Kansas City Royals,World,4,
2014,mlb,Kansas City Royals,Baltimore Orioles,ALCS,3,
2014,mlb,San Francisco Giants,St Louis Cardinals,NLCS,3,
2014,mlb,Kansas City Royals,Los Angeles Angels,ALDS,2,
2014,mlb,Baltimore Orioles,Detroit Tigers,ALDS,2,
2014,mlb,San Francisco Giants,Washington Nationals,NLDS,2,
2014,mlb,St Louis Cardinals,Los Angeles Dodgers,NLDS,2,
2014,mlb,Kansas City Royals,Oakland Athletics,ALWC,1,
2014,mlb,San Francisco Giants,Pittsburgh Pirates,NLWC,1,
2013,mlb,Boston Red Sox,St Louis Cardinals,World,4,
2013,mlb,Boston Red Sox,Detroit Tigers,ALCS,3,
2013,mlb,St Louis Cardinals,Los Angeles Dodgers,NLCS,3,
2013,mlb,Boston Red Sox,Tampa Bay Rays,ALDS,2,
2013,mlb,Detroit Tigers,Oakland Athletics,ALDS,2,
2013,mlb,St Louis Cardinals,Pittsburgh Pirates,NLDS,2,
2013,mlb,Los Angeles Dodgers,Atlanta Braves,NLDS,2,
2013,mlb,Tampa Bay Rays,Cleveland Indians,ALWC,1,
2013,mlb,Pittsburgh Pirates,Cincinnati Reds,NLWC,1,
2012,mlb,San Francisco Giants,Detroit Tigers,World,4,
2012,mlb,Detroit Tigers,New York Yankees,ALCS,3,
2012,mlb,San Francisco Giants,St Louis Cardinals,NLCS,3,
2012,mlb,New York Yankees,Baltimore Orioles,ALDS,2,
2012,mlb,Detroit Tigers,Oakland Athletics,ALDS,2,
2012,mlb,St Louis Cardinals,Washington Nationals,NLDS,2,
2012,mlb,San Francisco Giants,Cincinnati Reds,NLDS,2,
2012,mlb,Baltimore Orioles,Texas Rangers,ALWC,1,
2012,mlb,St Louis Cardinals,Atlanta Braves,NLWC,1,
2011,mlb,St Louis Cardinals,Texas Rangers,World,4,
2011,mlb,Texas Rangers,Detroit Tigers,ALCS,3,
2011,mlb,St Louis Cardinals,Milwaukee Brewers,NLCS,3,
2011,mlb,Detroit Tigers,New York Yankees,ALDS,2,
2011,mlb,Texas Rangers,Tampa Bay Rays,ALDS,2,
2011,mlb,St Louis Cardinals,Philadelphia Phillies,NLDS,2,
2011,mlb,Milwaukee Brewers,Arizona Diamondbacks,NLDS,2,
2010,mlb,San Francisco Giants,Texas Rangers,World,4,
2010,mlb,Texas Rangers,New York Yankees,ALCS,3,
2010,mlb,San Francisco Giants,Philadelphia Phillies,NLCS,3,
2010,mlb,Texas Rangers,Tampa Bay Rays,ALDS,2,
2010,mlb,New York Yankees,Minnesota Twins,ALDS,2,
2010,mlb,Philadelphia Phillies,Cincinnati Reds,NLDS,2,
2010,mlb,San Francisco Giants,Atlanta Braves,NLDS,2,
2009,mlb,New York Yankees,Philadelphia Phillies,World,4,
2009,mlb,New York Yankees,Los Angeles Angels,ALCS,3,
2009,mlb,Philadelphia Phillies,Los Angeles Dodgers,NLCS,3,
2009,mlb,New York Yankees,Minnesota Twins,ALDS,2,
2009,mlb,Los Angeles Angels,Boston Red Sox,ALDS,2,
2009,mlb,Los Angeles Dodgers,St Louis Cardinals,NLDS,2,
2009,mlb,Philadelphia Phillies,Colorado Rockies,NLDS,2,
2008,mlb,Philadelphia Phillies,Tampa Bay Rays,World,4,
2008,mlb,Tampa Bay Rays,Boston Red Sox,ALCS,3,
2008,mlb,Philadelphia Phillies,Los Angeles Dodgers,NLCS,3,
2008,mlb,Boston Red Sox,Los Angeles Angels,ALDS,2,
2008,mlb,Tampa Bay Rays,Chicago White Sox,ALDS,2,
2008,mlb,Los Angeles Dodgers,Chicago Cubs,NLDS,2,
2008,mlb,Philadelphia Phillies,Milwaukee Brewers,NLDS,2,
2007,mlb,Boston Red Sox,Colorado Rockies,World,4,
2007,mlb,Boston Red Sox,Cleveland Indians,ALCS,3,
2007,mlb,Colorado Rockies,Arizona Diamondbacks,NLCS,3,
2007,mlb,Boston Red Sox,Los Angeles Angels,ALDS,2,
2007,mlb,Cleveland Indians,New York Yankees,ALDS,2,
2007,mlb,Arizona Diamondbacks,Chicago Cubs,NLDS,2,
2007,mlb,Colorado Rockies,Philadelphia Phillies,NLDS,2,
2006,mlb,St Louis Cardinals,Detroit Tigers,World,4,
2006,mlb,Detroit Tigers,Oakland Athletics,ALCS,3,
2006,mlb,St Louis Cardinals,New York Mets,NLCS,3,
2006,mlb,Detroit Tigers,New York Yankees,ALDS,2,
2006,mlb,Oakland Athletics,Minnesota Twins,ALDS,2,
2006,mlb,New York Mets,Los Angeles Dodgers,NLDS,2,
2006,mlb,St Louis Cardinals,San Diego Padres,NLDS,2,